{
  "metadata": {
    "model_type": "binary_classification",
    "objective": "p_trade_probability",
    "horizon": 5,
    "profit_threshold": 0.005,
    "include_fees": true,
    "fee_rate": 0.001,
    "feature_columns": [
      "ATR",
      "volume_std",
      "skew_24",
      "ADX",
      "rsi_macd",
      "RSI",
      "skew_3",
      "BB_width",
      "volume_sma",
      "skew_5",
      "BB_middle",
      "atr_trend"
    ],
    "n_splits": 5,
    "class_weights": {
      "0": 0.9460431654676259,
      "1": 1.060483870967742
    },
    "validation_method": "walk_forward",
    "hyperparameter_tuning": true,
    "feature_selection": false
  },
  "overall_metrics": {
    "auc": 0.5614304473059979,
    "f1": 0.46524064171123,
    "total_samples": 435,
    "class_distribution": {
      "1": 208,
      "0": 227
    },
    "pnl": 0.04,
    "sharpe": 0.47280725139910584,
    "max_drawdown": -0.08499999999999999,
    "total_trades": 166,
    "win_rate": 0.5402298850574713
  },
  "fold_metrics": [
    {
      "fold": 1,
      "train_samples": 91,
      "test_samples": 87,
      "auc": 0.6181525241675617,
      "f1": 0.3,
      "precision": 0.8181818181818182,
      "recall": 0.1836734693877551,
      "class_distribution": {
        "train": {
          "0": 51,
          "1": 40
        },
        "test": {
          "1": 49,
          "0": 38
        }
      },
      "pnl": 0.035,
      "sharpe": 3.6876983258844915,
      "max_drawdown": -0.01,
      "total_trades": 11,
      "win_rate": 0.5172413793103449
    },
    {
      "fold": 2,
      "train_samples": 178,
      "test_samples": 87,
      "auc": 0.6478378378378379,
      "f1": 0.5,
      "precision": 0.5925925925925926,
      "recall": 0.43243243243243246,
      "class_distribution": {
        "train": {
          "0": 89,
          "1": 89
        },
        "test": {
          "1": 37,
          "0": 50
        }
      },
      "pnl": 0.025,
      "sharpe": 1.6464638998453556,
      "max_drawdown": -0.02,
      "total_trades": 27,
      "win_rate": 0.632183908045977
    },
    {
      "fold": 3,
      "train_samples": 265,
      "test_samples": 87,
      "auc": 0.5552164261931187,
      "f1": 0.5473684210526316,
      "precision": 0.4262295081967213,
      "recall": 0.7647058823529411,
      "class_distribution": {
        "train": {
          "0": 139,
          "1": 126
        },
        "test": {
          "0": 53,
          "1": 34
        }
      },
      "pnl": -0.045,
      "sharpe": -1.9763236927920385,
      "max_drawdown": -0.049999999999999996,
      "total_trades": 61,
      "win_rate": 0.5057471264367817
    },
    {
      "fold": 4,
      "train_samples": 352,
      "test_samples": 87,
      "auc": 0.7118055555555556,
      "f1": 0.6464646464646465,
      "precision": 0.5333333333333333,
      "recall": 0.8205128205128205,
      "class_distribution": {
        "train": {
          "0": 192,
          "1": 160
        },
        "test": {
          "0": 48,
          "1": 39
        }
      },
      "pnl": 0.020000000000000007,
      "sharpe": 0.8802207814720583,
      "max_drawdown": -0.05,
      "total_trades": 60,
      "win_rate": 0.5977011494252874
    },
    {
      "fold": 5,
      "train_samples": 439,
      "test_samples": 87,
      "auc": 0.5252416756176155,
      "f1": 0.14285714285714285,
      "precision": 0.5714285714285714,
      "recall": 0.08163265306122448,
      "class_distribution": {
        "train": {
          "0": 240,
          "1": 199
        },
        "test": {
          "1": 49,
          "0": 38
        }
      },
      "pnl": 0.005,
      "sharpe": 0.643796306459214,
      "max_drawdown": -0.01,
      "total_trades": 7,
      "win_rate": 0.4482758620689655
    }
  ],
  "feature_importance": {
    "ATR": "34",
    "volume_std": "64",
    "skew_24": "42",
    "ADX": "63",
    "rsi_macd": "82",
    "RSI": "51",
    "skew_3": "25",
    "BB_width": "62",
    "volume_sma": "54",
    "skew_5": "58",
    "BB_middle": "61",
    "atr_trend": "32"
  },
  "confusion_matrix": {
    "matrix": [
      [
        148,
        79
      ],
      [
        121,
        87
      ]
    ],
    "labels": [
      "Skip (0)",
      "Trade (1)"
    ],
    "total_samples": 435,
    "accuracy": 0.5402298850574713,
    "precision_trade": 0.5240963855421686,
    "recall_trade": 0.4182692307692308
  }
}