{
  "metadata": {
    "model_type": "binary_classification",
    "objective": "p_trade_probability",
    "horizon": 5,
    "profit_threshold": 0.005,
    "include_fees": true,
    "fee_rate": 0.001,
    "feature_columns": [
      "ATR",
      "volume_std",
      "skew_24",
      "ADX",
      "rsi_macd",
      "RSI",
      "skew_3",
      "BB_width",
      "volume_sma",
      "skew_5",
      "BB_middle",
      "atr_trend"
    ],
    "n_splits": 5,
    "class_weights": {
      "0": 0.9460431654676259,
      "1": 1.060483870967742
    },
    "validation_method": "walk_forward",
    "hyperparameter_tuning": false,
    "feature_selection": false
  },
  "overall_metrics": {
    "auc": 0.589503558115893,
    "f1": 0.40828402366863903,
    "total_samples": 435,
    "class_distribution": {
      "1": 208,
      "0": 227
    },
    "pnl": 0.03999999999999998,
    "sharpe": 0.5343426581012274,
    "max_drawdown": -0.04000000000000001,
    "total_trades": 130,
    "win_rate": 0.5402298850574713
  },
  "fold_metrics": [
    {
      "fold": 1,
      "train_samples": 91,
      "test_samples": 87,
      "auc": 0.5759935553168635,
      "f1": 0.0,
      "precision": 0.0,
      "recall": 0.0,
      "class_distribution": {
        "train": {
          "0": 51,
          "1": 40
        },
        "test": {
          "1": 49,
          "0": 38
        }
      },
      "pnl": 0.0,
      "sharpe": 0.0,
      "max_drawdown": 0.0,
      "total_trades": 0,
      "win_rate": 0.0
    },
    {
      "fold": 2,
      "train_samples": 178,
      "test_samples": 87,
      "auc": 0.6272972972972973,
      "f1": 0.4927536231884058,
      "precision": 0.53125,
      "recall": 0.4594594594594595,
      "class_distribution": {
        "train": {
          "0": 89,
          "1": 89
        },
        "test": {
          "1": 37,
          "0": 50
        }
      },
      "pnl": 0.009999999999999998,
      "sharpe": 0.6021544054954291,
      "max_drawdown": -0.035,
      "total_trades": 32,
      "win_rate": 0.5977011494252874
    },
    {
      "fold": 3,
      "train_samples": 265,
      "test_samples": 87,
      "auc": 0.7236403995560489,
      "f1": 0.611764705882353,
      "precision": 0.5098039215686274,
      "recall": 0.7647058823529411,
      "class_distribution": {
        "train": {
          "0": 139,
          "1": 126
        },
        "test": {
          "0": 53,
          "1": 34
        }
      },
      "pnl": 0.005000000000000009,
      "sharpe": 0.2383441525958752,
      "max_drawdown": -0.04,
      "total_trades": 51,
      "win_rate": 0.6206896551724138
    },
    {
      "fold": 4,
      "train_samples": 352,
      "test_samples": 87,
      "auc": 0.6471688034188035,
      "f1": 0.5952380952380952,
      "precision": 0.5555555555555556,
      "recall": 0.6410256410256411,
      "class_distribution": {
        "train": {
          "0": 192,
          "1": 160
        },
        "test": {
          "0": 48,
          "1": 39
        }
      },
      "pnl": 0.025000000000000005,
      "sharpe": 1.2726104176315185,
      "max_drawdown": -0.035,
      "total_trades": 45,
      "win_rate": 0.6091954022988506
    },
    {
      "fold": 5,
      "train_samples": 439,
      "test_samples": 87,
      "auc": 0.5018796992481203,
      "f1": 0.0392156862745098,
      "precision": 0.5,
      "recall": 0.02040816326530612,
      "class_distribution": {
        "train": {
          "0": 240,
          "1": 199
        },
        "test": {
          "1": 49,
          "0": 38
        }
      },
      "pnl": 0.0,
      "sharpe": 0.0,
      "max_drawdown": -0.005,
      "total_trades": 2,
      "win_rate": 0.4367816091954023
    }
  ],
  "feature_importance": {
    "ATR": "111",
    "volume_std": "124",
    "skew_24": "134",
    "ADX": "104",
    "rsi_macd": "172",
    "RSI": "134",
    "skew_3": "95",
    "BB_width": "145",
    "volume_sma": "139",
    "skew_5": "97",
    "BB_middle": "157",
    "atr_trend": "103"
  },
  "confusion_matrix": {
    "matrix": [
      [
        166,
        61
      ],
      [
        139,
        69
      ]
    ],
    "labels": [
      "Skip (0)",
      "Trade (1)"
    ],
    "total_samples": 435,
    "accuracy": 0.5402298850574713,
    "precision_trade": 0.5307692307692308,
    "recall_trade": 0.3317307692307692
  }
}