{
  "metadata": {
    "label_horizon": 5,
    "thresholds": {
      "up_thresh": 0.005,
      "down_thresh": -0.005
    },
    "feature_list": [
      "RSI",
      "MACD",
      "EMA_20",
      "ATR",
      "StochRSI",
      "TrendStrength",
      "Volatility"
    ],
    "drop_neutral": false,
    "early_stopping_rounds": 50,
    "cv_strategy": "StratifiedKFold",
    "n_splits": 2,
    "smote_applied": false
  },
  "class_distribution": {
    "1": 3,
    "0": 2
  },
  "folds": [
    {
      "fold": 1,
      "f1": 0.16666666666666666,
      "precision": 0.1111111111111111,
      "recall": 0.3333333333333333,
      "per_class": {
        "0": {
          "precision": 0.3333333333333333,
          "recall": 1.0,
          "f1-score": 0.5,
          "support": 1.0
        },
        "1": {
          "precision": 0.0,
          "recall": 0.0,
          "f1-score": 0.0,
          "support": 2.0
        },
        "accuracy": 0.3333333333333333,
        "macro avg": {
          "precision": 0.16666666666666666,
          "recall": 0.5,
          "f1-score": 0.25,
          "support": 3.0
        },
        "weighted avg": {
          "precision": 0.1111111111111111,
          "recall": 0.3333333333333333,
          "f1-score": 0.16666666666666666,
          "support": 3.0
        }
      },
      "confusion_matrix": [
        [
          1,
          0
        ],
        [
          2,
          0
        ]
      ]
    },
    {
      "fold": 2,
      "f1": 0.3333333333333333,
      "precision": 0.25,
      "recall": 0.5,
      "per_class": {
        "0": {
          "precision": 0.5,
          "recall": 1.0,
          "f1-score": 0.6666666666666666,
          "support": 1.0
        },
        "1": {
          "precision": 0.0,
          "recall": 0.0,
          "f1-score": 0.0,
          "support": 1.0
        },
        "accuracy": 0.5,
        "macro avg": {
          "precision": 0.25,
          "recall": 0.5,
          "f1-score": 0.3333333333333333,
          "support": 2.0
        },
        "weighted avg": {
          "precision": 0.25,
          "recall": 0.5,
          "f1-score": 0.3333333333333333,
          "support": 2.0
        }
      },
      "confusion_matrix": [
        [
          1,
          0
        ],
        [
          1,
          0
        ]
      ]
    }
  ],
  "mean": {
    "f1": 0.25,
    "precision": 0.18055555555555555,
    "recall": 0.41666666666666663
  }
}